S01104,4
S01427,4
S01947,4
S01847,4
S01041,3
S01424,4
S01207,3
S02381,4
S01841,4
S02382,4
S01606,3
S01923,4
S01429,4
S01208,3
S00279,4
S01914,4
S01210,3
S01513,3
S01803,3
S01930,4
S01805,3
S01944,3
S01713,3
S01400,3
S01868,4
S01536,4
S01435,4
S01525,3
S01462,4
S01540,3
S01828,3
S01420,3
S02338,4
S01830,4
S01920,4
S01452,4
S01717,2
S00333,4
S01848,4
S01313,3
S01603,3
S01602,3
S01315,3
S01511,3
S01609,4
S01604,4
S01850,3
S01827,3
S01457,4
S01029,4
S01490,4
S01707,3
S01942,4
S01416,4
S01062,3
S01913,4
S01515,3
S01310,4
S01450,4
S01209,3
S01863,4
S01527,3
S01453,4
S01203,3
S01510,3
S00274,4
S01140,4
S00038,4
S01840,4
S01322,2
S01480,4
S01425,3
S01710,3
S01144,4
S00034,3
S02339,5
S01482,4
S01712,4
S01117,4
S01524,3
S01503,3
S01843,4
S01861,4
S01845,4
S01846,4
S05305,5
S05306,5
S01037,3
S01904,4
S02344,4
S00277,4
S01537,3
S01204,3
S01121,4
S01869,4
S01118,3
S01520,2
S01522,3
S01120,4
S01033,3
S01901,4
S01409,3
S01829,4
S01900,4
S01823,3
S00400,4
S01461,4
S01402,4
S01539,4
S01307,2
S01826,3
S01318,3
S01533,3
S01026,3
S01325,3
S01028,3
S01430,2
S01607,3
S01945,3
S02340,3
S01122,4
S01426,4
S01143,4
S01504,3
S00404,4
S01412,4
S01035,3
S01060,3
S01860,2
S01700,1
S01032,3
S01925,5
S01933,5
S01089,5
S01101,5
S00332,4
S01915,2
S01312,4
S01422,4
S02084,5
S01407,4
S01460,3
S01414,4
S00036,4
S01514,3
S01905,4
S01870,4
S01512,4
S01871,4
S01922,4
S05304,4
S01502,4
S01538,3
S00271,4
S02343,4
S01918,4
S00039,4
S01142,4
S01706,3
S01708,2
S01601,3
S01485,3
S00275,4
S00037,4
S01501,4
S01413,4
S01321,3
S01801,3
S01423,5
S01711,3
S02337,4
S01714,3
S02333,4
S02334,4
S01866,4
S00402,4
S01406,4
S01911,4
S01488,3
S01145,4
S01438,4
S01483,4
S01867,4
S02380,4
S01456,4
S01458,3
S01535,3
S01526,4
S01200,3
S01116,4
S01824,3
S01030,2
S00276,4
S01917,4
S01534,4
S00033,4
S01436,4
S01849,4
S01943,4
S01821,3
S01924,4
S05308,3
S01864,4
S01141,4
S01862,4
S00273,4
S01403,4
S01919,3
S01931,4
S01703,3
S01865,4
S01491,4
S01605,3
S01408,4
S01320,3
S01411,3
S01205,2
S01523,4
S01600,3
S01027,3
S01903,3
S01842,4
S01709,4
S01061,3
S01704,3
S01439,4
S01487,3
S01825,2
S02083,4
S01113,3
S01806,3
S01484,4
S01500,4
S01910,4
S01415,3
S01902,3
S02336,2
S01921,4
S00406,4
S01822,3
S01705,3
S01454,4
S01640,3
S01326,2
S01701,2
S01645,1
S01631,5
S01633,3
S01630,3
S01064,3
S01401,4
S00403,3
S01063,3
S00405,4
S01040,3
S01404,4
N00048,5
S01036,3
S01650,3
S01202,3
S01608,3
S01611,3
S01612,3
S01722,3
S01058,3
N00235,5
N00210,5
N00207,5
S01410,5
S01489,4
S00272,3
S01642,5
S01643,3
S01632,3
S01649,5
S01437,4
S01065,3
S01463,4
S01807,2
S00408,4
S01451,4
S01486,4
S01715,3
S01031,3
S01316,3
S01034,3
S01804,5
S01647,5
S01820,2
S01405,4
S01440,3
S01620,5
S01622,4
S01932,4
S01529,2
S01716,3
S01428,4
S01802,3
S00278,4
S01481,3
S01916,4
S01844,4
S01042,3
S00401,4
S01610,4
S01433,4
S01912,4
S01434,4
S02082,4
S01528,3
S04712,3
S04506,3
S04531,3
S04501,2
S06006,4
S04481,4
S04515,3
S04516,3
S04709,3
S04503,3
S04518,4
S04214,3
S04215,3
S04716,3
S04105,3
S04724,4
S04530,5
S04517,4
S04512,4
S04532,3
S04734,3
S04728,3
S04522,3
S04729,3
S04107,4
S04218,3
S04109,4
S04108,4
S04603,5
S04707,3
S04536,3
S04700,1
S04217,3
S04704,3
S04219,3
S04220,2
S04703,3
S04540,4
S04534,3
S04210,4
S06000,2
S04514,4
S04723,3
S04731,3
S04519,3
S04106,4
S04212,4
S04727,3
S04732,3
S04480,4
S04216,3
S04209,4
S04711,4
S06170,3
S04523,5
S04110,5
S04705,3
S04223,4
S06008,5
S04521,4
S04701,5
S00879,4
S00745,4
S04529,3
S04800,5
S04526,3
S04502,4
S04733,3
S04721,4
S04803,4
S04538,3
S04520,3
S04718,3
S04535,3
S04537,3
S04702,2
S04710,4
S04713,4
S04722,3
S04726,4
S04730,3
S04735,3
S04804,4
S04811,5
S06171,3
S06200,5
S04222,4
S00890,5
S00877,4
S00876,4
S06044,4
S00878,4
S06004,3
S06002,5
S06007,3
S04810,4
S04533,3
S04482,4
S04527,4
S04720,2
S04714,3
S04736,3
S04211,3
S04104,3
S04805,3
S04505,3
S04802,4
S04801,2
S04725,3
S00173,5
S00229,3
S00862,5
S00429,4
S00217,3
S00923,4
S00053,4
S00213,3
S00347,4
S00700,4
S00545,5
S00239,4
S00022,4
S00315,4
S00456,4
S00458,5
S00035,2
S00983,4
S01019,4
S00875,4
S00156,4
S00600,3
S00004,4
S00613,4
S00209,5
S00972,4
S00864,4
S01123,4
S00465,4
S04000,4
S00056,4
S00054,4
S00158,3
S00157,4
S00603,3
S00541,5
S04006,4
S04005,4
S00224,5
S01025,4
S00926,4
S00869,4
S00452,2
S00223,5
S00450,5
S00228,4
S00342,4
S00219,1
S00234,4
S04300,5
S00825,3
S00462,2
S00029,5
S00203,4
S00177,4
S00824,4
S00008,4
S01007,5
S00501,5
S00220,5
S00459,5
S00543,5
S01008,4
S00721,5
S00468,4
S00904,5
S01125,4
S01809,4
S00871,4
S00247,5
S00344,4
S01124,4
S00469,4
S00155,3
S00260,3
S00974,4
S00316,4
S00951,4
S00243,4
S00336,4
S01941,4
S00842,4
S01015,4
S00970,4
S00544,5
S00976,4
S00834,3
S00513,3
S00207,5
S00311,5
S00003,4
S00611,4
S00051,4
S00982,4
S00100,4
S01013,3
S00245,2
S00073,4
S00616,4
S00170,4
S00701,4
S00031,4
S00953,4
S00977,4
S00802,4
S00021,4
S00542,5
S00001,4
S00523,4
S00607,5
S00820,4
S00902,4
S01012,4
S00082,3
S00172,3
S00017,4
S00610,2
S00427,4
S01010,4
S01003,2
S01004,5
S00980,4
S00722,5
S00251,5
S00112,4
S00737,5
S00511,4
S00739,5
S00248,2
S00920,4
S00244,5
S00984,3
S00010,3
S00006,4
S00012,4
S00204,3
S00840,4
S00337,4
S00175,4
S00002,4
S00524,4
S00925,4
S00950,4
S00176,3
S00455,3
S00041,3
S00042,4
S00237,3
S00617,3
S00466,4
S00159,4
S00109,3
S00215,3
S00434,4
S00236,4
S00211,3
S00609,5
S00461,4
S00457,4
S00011,4
S00903,4
S00922,4
S00517,3
S00515,3
S00838,4
S00238,4
S00522,4
S00873,4
S00808,4
S00019,4
S00453,3
S00340,4
S00735,5
S00952,3
S00801,4
S00153,5
S00160,3
S00428,4
S00872,4
S00803,4
S00606,3
S00861,5
S00510,4
S00240,3
S00341,4
S00422,4
S00823,4
S00426,4
S00734,5
S00827,4
S00833,4
S00020,4
S00108,4
S01009,4
S00102,4
S00150,5
S00602,3
S00615,4
S00740,5
S00905,5
S00614,4
S00015,4
S00007,4
S00106,4
S00835,4
S00154,3
S00421,4
S01018,4
S00460,5
S00178,4
S00732,4
S00908,5
S00807,4
S00901,4
S01017,4
S00985,4
S00463,4
S00420,4
S00831,4
S00822,5
S00205,4
S00743,4
S00744,4
S00235,4
S00074,4
S00072,4
S00731,4
S00050,4
S00212,5
S00604,3
S00540,5
S00338,4
S00431,4
S00430,4
S00151,5
S00978,4
S00111,4
S00730,3
S00874,4
S01940,4
S01016,3
S00866,4
S00018,4
S00954,4
S00174,4
S00973,4
S00348,4
S00829,4
S00702,4
S00030,4
S00924,4
S00052,4
S00110,4
S00343,4
S00720,5
S00741,5
S00836,4
S00233,4
S00423,4
S00608,3
S00546,5
S00521,4
S00113,4
S00424,4
S00837,4
S00704,4
S00208,3
S04207,3
S00742,3
S00733,5
S00500,4
S00206,4
S00232,2
S00425,4
S00214,3
S00027,5
S00005,5
S00921,4
S00070,3
S00870,4
S00014,4
S00032,4
S00171,4
S00981,4
S00246,4
S00152,4
S00016,3
S00210,3
S00860,4
S00104,4
S00821,3
S00231,3
S00622,5
S00071,4
S00512,3
S01011,5
S00832,4
S00841,5
S00839,4
S00055,5
S00601,3
S00971,4
S00738,5
S00314,3
S00179,5
S00828,3
S04101,4
S04003,4
S04208,4
S04004,5
S04331,4
S04206,3
S04303,5
S01810,3
S04301,5
S04100,4
S00804,4
S00514,4
S00809,4
S00216,3
S01020,3
S00867,3
S00470,2
S01050,5
S04302,5
S04001,5
S04202,5
S04200,4
S04102,4
S04203,3
S04103,3
S04007,4
S04330,4
S00148,5
S00134,4
S00146,5
S00133,4
S00135,4
S00149,3
S00140,4
S00145,3
S00162,4
S00136,4
S00144,5
S00131,4
S00130,4
S00138,5
S00147,4
S00132,4
S00161,4
S00141,5
S00142,3
S00137,2
S00143,5
S07403,4
S08301,4
S08858,4
S08607,4
S08321,3
S08320,3
S08733,3
S08608,3
S08504,3
S08312,5
S08502,5
S08712,4
S08609,3
S08857,3
S08212,3
S08661,3
S08411,2
S08640,2
S08112,5
S08510,4
S07407,4
S08732,3
S08666,3
S08021,3
S08319,3
S08650,2
S07406,4
S08211,5
S08010,2
S08651,3
S08221,5
S08315,3
S08735,4
S07429,4
S08672,3
S08110,5
S08730,4
S08671,3
S08114,5
S08715,4
S08704,3
S08658,3
S08318,3
S07408,4
S07435,4
S08709,3
S08705,3
S08861,4
S08516,4
S08111,5
S08410,5
S08706,3
S08713,3
S08731,3
S08809,3
S08304,3
S08652,3
S08235,3
S08601,3
S08009,3
S08210,4
S08808,4
S08512,4
S08739,4
S08015,1
S08307,5
S07428,4
S08660,4
S07432,5
S08734,3
S08309,3
S08310,5
S08316,4
S08399,3
S08714,3
S08503,3
S08020,5
S08404,3
S08314,3
S08701,5
S09150,5
S08214,5
S08231,3
S08313,3
S08209,2
S08707,3
S08019,3
S08600,3
S08308,4
S07404,4
S08708,3
S08109,5
S08515,4
S08710,3
S08605,3
S08215,5
S08751,3
S08662,3
S08400,3
S08024,5
S08602,3
S07405,3
S08517,5
S08674,5
S08322,3
S08326,3
S08500,3
S08325,3
S07409,4
S08668,3
S08738,3
S08659,4
S08317,5
S07425,5
S08529,5
S08331,5
S08408,3
S08656,3
S07427,4
S07434,4
S08008,3
S08012,5
S08016,3
S08025,3
S08108,5
S08113,5
S08213,3
S08216,5
S08222,3
S08300,4
S08303,3
S08306,3
S08323,2
S08403,3
S08405,2
S08406,2
S08409,1
S08412,3
S08506,3
S08507,3
S08511,4
S08603,3
S08604,3
S08606,3
S08657,3
S08663,5
S08005,3
S08413,3
S08505,3
S08334,5
S08218,5
S08226,5
S08220,5
S08667,5
S08716,3
S08022,3
S08711,4
S08311,5
S08703,3
S08664,3
S09200,4
S08665,3
S08217,1
S08508,3
S08501,3
S08236,5
S08655,3
S08330,3
S08333,3
S08328,3
S08329,3
S08859,4
S08018,5
S08202,4
S08206,4
S07008,2
S08207,5
S07009,5
S07215,5
S06923,3
S07216,4
S07226,2
S07430,4
S07217,2
S06924,5
S07001,3
S08224,5
S07225,4
S07211,4
S07224,4
S08204,5
S07007,5
S08225,5
S07229,4
S07219,5
S07004,2
S07005,3
S07014,5
S07209,3
S07212,4
S08203,3
S07012,5
S07011,4
S07218,4
S07000,4
S07002,4
S07003,4
S07230,3
S07213,4
S07233,5
S07221,3
S07220,4
S07214,4
S07010,4
S07235,4
S07400,5
S07401,4
S08200,5
S08201,3
S08205,5
S09453,4
S09464,4
S08914,4
S09050,4
S09465,4
S09501,4
S11019,2
S09469,5
S09466,4
S08912,4
S11020,4
S09463,4
S07825,4
S09467,5
S09458,4
S09060,3
S08917,4
S08913,4
S08915,4
S09057,5
S09058,4
S09457,4
S09459,3
S09451,5
S09462,4
S09059,5
S09061,5
S09452,5
S09456,5
S09461,5
S09468,5
S09062,4
S01961,5
S05021,5
S05720,5
S06101,5
S05107,5
S05319,5
S05805,5
S06159,5
S06615,5
S05302,5
S02345,5
S05099,5
S05102,5
S05055,5
S05111,5
S05726,5
S05138,5
S05114,5
S05314,5
S05053,5
S05725,5
S07100,5
S05042,5
S05315,5
S05046,5
S05254,5
S05049,5
S05020,5
S05140,5
S05819,5
S06613,5
S01951,5
S06103,5
S05816,5
S05139,5
S05722,5
S05090,5
S05039,5
S01949,5
S01971,5
S05132,5
S05006,5
S05811,5
S05023,5
S05820,5
S07101,5
S05071,5
S05108,5
S02346,5
S01950,5
S05031,5
S05903,5
S05954,5
S05069,5
S05134,5
S05000,5
S06158,5
S05311,5
S05051,5
S07119,5
S05032,5
S05112,4
S05801,5
S05721,5
S06160,5
S06152,5
S05813,5
S05951,5
S05105,5
S05952,5
S06102,5
S01851,5
S05810,5
S05316,5
S05058,5
S05905,5
S05119,4
S05131,5
S05106,5
S05052,5
S06150,5
S05022,5
S01962,5
S05807,5
S05123,4
S05103,5
S05711,5
S05005,5
S05110,5
S05802,5
S05800,5
S05067,5
S05313,5
S05723,5
S05808,5
S05008,5
S05804,5
S05902,5
S05100,5
S05130,5
S05043,5
S06100,5
S06161,5
S01970,5
S05120,5
S02349,5
S05101,5
S01948,5
S05056,5
S05037,5
S05012,5
S05724,5
S01960,5
S01964,5
S07102,5
S05814,5
S06614,5
S01963,5
S05066,5
S05815,5
S06154,5
S05812,5
S06151,5
S01852,5
S05950,5
S05104,5
S05068,5
S06155,5
S05109,5
S05900,5
S02351,5
S06156,5
S06617,5
S05322,5
S05712,5
S05009,5
S05007,5
S05059,5
S05065,5
S06153,5
S05014,5
S05809,5
S05904,5
S05955,5
S05133,5
S05818,5
S05054,5
S05121,5
S05806,5
S05041,5
S05817,5
S05956,5
S02050,5
S02226,5
S02051,5
S02208,5
S02105,5
S02014,5
S02030,5
S02107,5
S02017,5
S02209,5
S02206,5
S02005,5
S02048,5
S02224,5
S02205,5
S02202,5
S02223,5
S02317,5
S02207,5
S02029,5
S02204,5
S02037,5
S02046,5
S02211,5
S02308,5
S02007,5
S02312,5
S02306,5
S02111,5
S02031,5
S02203,5
S02110,5
S02309,5
S02033,5
S02200,5
S02217,5
S02035,5
S02113,5
S02032,5
S02305,5
S02112,5
S02300,5
S02222,5
S02225,5
S02020,5
S02201,5
S02315,5
S02049,5
S02318,5
S02212,5
S02214,5
S02314,5
S02307,5
S02103,5
S02003,5
S02102,5
S02034,5
S02219,5
S02006,5
S03032,5
S03015,5
S03036,5
S03085,5
S03124,5
S03199,5
S03082,5
S03318,5
S03205,5
S03150,5
S03021,5
S03550,5
S03087,5
S03313,5
S03039,5
S03301,5
S03016,5
S02830,5
S03207,5
S03088,5
S02831,5
S03151,5
S03312,5
S03022,5
S02702,5
S03054,5
S02661,5
S03053,5
S03019,5
S03304,5
S03315,5
S03202,5
S02832,5
S02660,5
S02703,5
S03089,5
S03307,5
S03302,5
S03204,5
S03029,5
S03308,5
S03120,5
S03309,5
S03212,5
S03055,5
S03310,5
S03050,5
S03203,5
S03122,5
S03206,5
S03081,5
S03317,5
S03471,5
S03856,5
S03026,5
S03028,5
S03006,5
S03125,5
S03051,5
S02700,5
S03083,5
S03123,5
S03300,5
S03018,5
S03466,5
S03209,5
S03010,5
S02701,5
S03084,5
S03030,5
S03031,5
S03121,5
S07059,4
S07556,4
S07207,4
S07113,2
S07116,3
S07550,3
S07302,3
S07063,4
S07205,4
S07552,4
S07234,4
S07510,4
S07060,4
S07309,4
S07312,4
S07104,2
S07110,4
S07554,4
S07062,4
S07551,4
S07502,4
S07112,4
S07503,3
S07307,3
S07555,4
S07107,3
S07109,4
S07301,4
S07511,4
S07208,3
S07105,3
S07505,4
S07500,4
S07305,4
S07504,3
S07508,3
S07512,4
S07202,3
S07306,4
S07117,4
S07300,4
S07015,3
S07313,4
S07200,4
S07061,4
S07065,4
S07108,3
S07111,3
S07201,3
S07203,4
S07204,4
S07206,4
S07303,3
S07304,3
S07308,4
S07310,4
S07311,4
S07506,5
S07507,3
S07513,3
S07553,4
S07557,4
S02367,4
S02331,3
S02145,4
S02141,4
S02513,5
S05708,4
S02585,4
S03200,3
S02736,4
S02579,3
S02539,3
S02566,4
S02666,3
S05704,4
S02526,4
S02562,4
S02435,4
S02536,4
S02503,4
S02557,4
S02143,3
S02760,4
S02761,4
S02762,4
S02763,4
S02765,4
S02766,4
S02767,4
S02768,5
S02769,4
S02440,3
S02053,5
S02733,3
S02532,4
S02437,3
S02527,3
S05417,4
S02514,4
S02592,3
S02516,3
S02713,3
S02594,5
S02591,5
S02319,4
S02670,3
S02501,4
S02706,3
S02558,3
S02565,4
S02508,4
S02373,4
S02433,3
S02715,3
S05303,5
S02521,4
S05424,4
S02522,4
S05706,2
S02735,4
S02088,2
S02705,3
S02509,3
S02559,3
S02391,4
S02588,3
S02717,3
S05703,3
S02392,3
S02443,3
S02570,3
S02667,4
S03201,5
S02374,4
S02524,4
S02671,5
S02541,4
S02510,3
S05310,3
S02734,5
S02704,4
S02395,4
S02554,4
S02581,1
S02540,4
S02602,4
S02600,4
S02712,5
S02568,4
S02530,5
S02663,4
S02556,4
S02441,3
S05423,4
S02512,3
S02142,5
S02668,3
S02580,3
S02587,3
S02055,5
S02330,3
S02146,3
S02396,3
S02575,4
S05710,4
S02672,4
S02589,2
S02593,1
S02061,5
S02430,1
S02446,2
S02528,4
S02586,3
S02523,4
S05700,4
S05420,3
S02538,4
S02444,3
S05707,4
S02370,4
S02383,4
S02390,5
S02363,4
S05709,5
S02502,4
S02506,4
S02507,3
S02368,4
S02537,2
S02093,5
S05425,4
S05422,5
S02147,4
S02665,4
S02364,4
S02563,4
S05428,4
S02500,4
S02535,3
S02140,3
S02560,4
S02732,4
S02504,4
S02709,3
S05705,4
S02708,3
S02662,4
S05701,3
S02564,3
S02534,4
S02569,3
S02375,4
S05307,3
S05418,4
S02710,3
S02366,3
S02578,3
S05419,4
S02520,3
S05702,3
S02531,4
S02664,3
S02394,4
S02511,3
S02384,4
S02567,4
S02553,4
S02052,4
S02332,4
S05301,4
S02550,3
S02525,3
S02601,4
S02505,5
S06516,3
S06804,5
S06024,5
S06302,4
S06729,3
S06803,3
S06430,3
S06920,3
S06925,5
S08007,5
S06825,3
S06950,5
S06402,4
S06509,3
S06313,4
S06508,3
S06413,4
S06906,3
S06421,5
S06011,3
S06957,5
S06904,3
S06807,4
S06312,4
S06869,4
S06752,4
S06913,4
S06163,3
S06612,5
S06406,4
S06037,5
S06907,3
S06914,5
S06514,3
S06905,3
S06504,4
S06909,3
S06023,5
S06805,5
S06323,4
S06226,4
S06922,3
S06167,5
S06720,5
S06951,5
S06952,4
S06953,4
S06954,5
S06601,5
S06956,5
S06619,5
S06602,4
S06659,4
S06705,4
S08003,3
S06811,4
S05118,5
S05135,3
S06029,3
S06306,4
S06350,4
S06400,3
S06405,5
S06410,4
S06411,3
S06420,2
S06422,3
S06506,3
S06511,3
S06725,2
S06773,4
S06774,5
S06802,3
S06812,4
S06816,5
S06823,4
S06854,4
S06857,5
S06867,4
S06871,4
S06874,4
S06901,3
S06013,3
S06753,4
S06031,3
S06324,4
S06772,5
S05113,4
S06423,4
S06416,2
S06728,5
S06850,4
S06401,4
S06851,4
S06750,4
S06606,4
S06730,3
S06703,3
S06325,3
S06012,3
S06770,3
S06775,5
S06450,5
S06500,1
S06501,3
S06414,2
S06415,3
S06856,5
S06820,4
S06408,4
S06412,3
S06038,4
S06855,3
S06301,4
S06351,4
S08004,5
S06022,5
S06220,5
S06015,3
S06817,5
S06025,3
S05136,3
S05117,5
S06702,3
S06404,2
S06610,5
S06009,3
S06227,4
S06426,3
S06701,3
S06310,4
S06510,2
S06303,4
S06502,4
S06409,3
S05116,5
S06040,2
S06017,5
S06700,3
S06032,4
S06166,3
S06322,4
S06425,3
S06603,3
S06021,5
S08001,5
S06407,3
S06727,4
S06915,2
S06813,4
S06168,5
S06056,5
S06826,5
S06611,4
S06028,4
S06309,4
S06604,3
S06704,4
S06921,3
S08006,3
S06005,3
S06505,3
S06751,4
S05122,4
S06808,5
S06300,3
S06026,3
S06911,4
S06822,4
S06840,5
S06018,5
S06902,4
S06035,4
S06164,4
S06418,3
S06903,3
S06809,2
S06513,3
S06852,3
S06824,4
S08002,3
S06900,2
S06515,5
S06419,3
S06908,3
S06165,4
S06223,4
S06222,4
S06033,3
S06304,4
S06605,5
S05115,4
S06036,4
S06224,4
S06801,4
S06039,2
S06424,4
S06912,4
S06308,4
S06030,3
S06910,3
S06403,5
S06225,4
S06876,4
S06417,3
S06043,4
S12327,4
S12332,2
S12337,3
S12342,5
S12344,5
S12360,5
S12380,3
S12408,5
S12410,3
S12412,4
S12417,3
S12428,5
S12430,5
S12799,4
S12244,5
S12121,5
S12019,3
S12003,4
S12005,5
S12006,5
S12393,5
S12416,5
S12383,4
S12420,4
S12201,5
S12349,3
S12243,5
S12400,4
S12354,5
S12061,4
S12131,4
S12125,3
S12366,5
S12133,3
S12239,4
S12009,5
S12026,4
S12034,5
S12037,3
S12055,3
S12111,5
S12113,3
S12115,5
S12126,3
S12140,4
S12204,3
S12235,5
S12250,5
S12276,4
S12353,4
S12359,5
S12363,5
S12373,4
S12386,5
S12414,3
S12423,5
S12385,4
S12004,5
S12136,3
S12000,5
S12381,3
S12206,5
S12011,4
S12015,5
S12021,5
S12024,3
S12027,5
S12031,3
S12039,4
S12041,5
S12042,3
S12050,5
S12105,4
S12108,4
S12110,3
S12114,4
S12120,3
S12130,3
S12152,3
S12155,5
S12211,4
S12212,5
S12213,3
S12231,4
S12240,4
S12272,4
S12275,5
S12279,5
S12301,2
S12308,4
S12309,4
S12312,3
S12314,3
S12323,4
S12017,4
S12347,4
S12241,5
S12365,5
S12049,4
S12422,4
S12315,4
S12382,4
S12109,4
S12338,5
S12203,5
S12361,5
S12139,5
S12313,4
S12358,5
S12305,5
S12392,4
S12311,4
S12424,3
S12134,2
S12045,3
S12103,4
S12445,5
S12002,1
S12053,5
S12013,3
S12100,3
S12123,3
S12303,4
S12022,3
S12232,4
S12355,4
S12316,3
S12242,5
S12104,4
S12230,5
S12234,5
S12107,3
S12444,5
S12346,5
S12300,5
S12157,5
S12384,5
S12238,3
S12405,4
S12038,4
S12394,5
S12047,5
S12135,3
S12233,4
S12237,4
S12391,5
S12273,5
S12029,4
S12248,5
S12214,4
S12048,4
S12317,5
S12247,5
S12129,3
S12044,5
S12132,3
S12028,5
S12252,5
S12409,4
S12328,3
S12209,5
S12216,3
S12116,5
S12150,3
S12320,4
S12310,3
S12370,3
S12345,4
S12426,4
S12008,3
S12375,4
S12330,4
S12145,4
S12030,3
S12127,3
S12025,4
S12326,4
S12427,5
S12020,4
S12010,4
S12362,5
S12374,5
S12200,4
S12153,5
S12016,5
S12406,5
S12411,4
S12371,5
S12418,4
S12278,4
S12246,5
S12351,5
S12106,4
S12040,5
S12014,3
S12137,5
S12277,5
S12322,4
S12124,4
S12339,5
S12036,3
S12407,4
S12413,5
S12138,3
S12324,3
S12033,4
S12372,4
S12236,5
S12421,4
S12018,5
S12341,4
S12340,4
S12205,5
S12122,4
S12012,4
S12387,5
S12419,4
S12321,4
S12151,4
S12270,3
S12207,4
S12112,3
S11802,4
S11453,4
S11722,4
S11723,3
S11800,5
S11461,3
S11211,4
S11210,4
S09831,4
S11457,5
S09622,5
S11455,5
S11454,5
S11217,3
S11209,3
S09833,4
S11213,4
S11459,4
S11452,4
S11460,4
S09830,4
S11216,5
S11724,4
S09624,5
S11208,4
S11420,2
S09832,5
S11801,4
S11803,4
S09621,4
S09625,5
S09834,4
S09911,5
S11206,3
S11212,4
S11214,4
S11219,5
S11220,4
S11300,4
S11302,4
S11303,4
S11450,5
S11451,5
S11456,5
S11458,4
S09620,4
S09630,5
S11306,4
S11509,4
S11601,5
S11107,5
S11403,4
S11137,5
S11105,5
S11463,4
S09322,5
S11021,4
S11051,5
S11053,5
S11054,4
S11106,3
S11130,3
S11133,4
S11135,4
S11142,3
S11202,4
S11205,4
S11406,4
S11504,3
S11603,3
S11116,3
S11028,4
S11602,4
S11307,4
S11024,4
S11203,4
S11118,3
S11513,5
S11150,5
S11113,3
S11501,3
S09321,4
S11204,5
S11402,3
S11309,5
S11103,5
S11200,4
S11136,2
S11131,4
S11056,4
S11304,3
S11465,2
S11505,3
S11101,4
S11606,3
S11145,2
S11108,2
S11512,5
S11141,3
S11025,3
S11503,5
S11201,5
S11310,4
S11022,5
S11515,4
S11114,3
S11129,3
S11605,4
S11102,4
S11132,3
S11508,4
S11464,4
S11112,3
S11143,3
S11140,5
S11510,4
S11607,4
S11151,5
S11154,5
S11148,5
S11126,4
S11608,5
S11128,3
S09325,5
S11462,4
S11115,3
S11502,3
S11023,4
S11305,4
S11125,4
S11127,3
S11600,5
S11100,2
S11725,3
S11776,4
S11845,4
S11804,4
S11864,4
S11772,3
S11832,5
S11903,4
S11780,3
S11866,5
S11741,4
S11752,3
S11738,4
S11871,5
S11748,5
S11729,4
S11843,4
S11737,4
S11951,3
S11950,4
S11851,3
S11742,4
S11728,4
S11953,4
S11862,4
S11814,4
S11844,4
S11905,4
S11836,4
S11865,4
S11764,4
S11746,4
S11859,4
S11769,4
S11739,2
S11816,5
S11727,3
S11749,2
S11826,4
S11766,3
S11740,4
S11811,3
S11840,4
S11908,5
S11956,3
S11775,5
S11763,4
S11770,3
S11773,4
S11777,4
S11786,4
S11790,4
S11805,4
S11810,4
S11812,4
S11817,4
S11825,5
S11833,2
S11837,3
S11842,4
S11848,3
S11857,3
S11860,3
S11863,3
S11868,4
S11901,4
S11904,4
S11909,3
S11952,5
S11751,5
S11774,2
S11759,4
S11753,4
S11781,2
S11782,5
S11867,3
S11761,4
S11828,5
S11847,3
S11765,3
S11806,4
S11813,4
S11726,5
S11750,4
S11827,5
S11733,5
S11957,5
S11831,5
S11954,5
S11850,3
S11835,4
S11822,4
S11869,5
S11906,4
S11821,4
S11808,3
S11760,3
S11754,3
S11789,3
S11778,5
S11809,4
S11758,3
S11736,4
S11907,5
S11872,4
S11744,3
S11807,4
S11853,4
S11841,4
S11743,4
S11732,4
S11855,3
S11755,5
S11829,4
S11854,3
S11757,4
S11815,4
S11745,4
S11734,4
S11858,5
S11818,4
S11900,5
S11846,4
S11735,4
S11730,5
S11820,5
S11861,4
S11910,3
S11830,4
S11823,3
S11819,4
S11731,3
S11788,5
S11747,4
S11771,4
S11856,4
S09813,4
S09826,4
S09714,5
S09102,3
S09004,4
S09304,4
S09900,5
S09909,5
S09907,5
S09216,3
S09828,5
S11703,3
S11706,5
S09104,3
S09108,3
S09203,5
S09206,3
S09212,3
S09300,5
S09306,4
S09309,4
S09313,4
S09315,4
S09326,3
S09506,4
S09507,4
S09508,4
S09509,4
S09511,4
S09512,4
S09513,4
S09524,4
S09603,5
S09608,5
S09617,4
S09629,5
S09701,4
S09704,4
S09705,4
S09800,3
S09802,3
S09817,3
S09821,3
S09825,4
S09827,4
S09904,5
S11707,5
S11709,3
S09752,5
S09829,5
S09523,4
S09515,4
S09605,5
S09100,4
S09837,4
S09838,5
S09615,5
S09007,3
S09502,4
S09317,5
S09801,5
S09311,5
S09602,5
S09529,5
S09612,4
S09610,4
S09305,4
S09008,5
S09522,4
S09814,3
S09709,4
S09815,3
S09700,3
S09751,5
S09806,3
S09805,4
S09803,3
S09616,4
S09628,5
S09303,5
S09301,3
S09750,5
S09201,3
S09824,3
S09520,3
S09503,4
S09103,2
S09109,5
S09521,4
S09003,3
S09310,5
S09902,5
S09908,5
S09901,5
S09903,5
S09906,5
S09810,3
S09504,4
S09516,4
S09761,5
S09308,4
S09005,4
S09209,3
S09804,4
S09753,5
S09202,4
S11705,3
S11702,3
S11712,3
S11717,4
S09319,4
S09822,5
S09614,4
S09001,3
S09207,4
S09530,4
S09606,5
S09706,3
S11714,5
S11700,5
S11721,3
S09215,3
S09812,3
S09314,4
S09623,5
S09316,4
S09514,3
S09006,2
S09763,5
S09526,5
S09754,5
S09213,3
S09002,4
S09208,3
S09910,5
S09211,2
S09009,5
S09611,4
S09609,4
S09756,3
S09816,3
S09113,3
S11711,3
S09823,3
S11716,4
S11715,4
S11708,4
S11718,4
S09473,4
S09510,4
S09703,4
S09318,4
S09811,3
S09000,3
S09307,4
S09205,4
S09519,3
S09607,5
S09324,5
S09758,4
S09707,4
S09708,4
S09613,4
S09818,5
S09600,5
S09702,3
S09518,4
S09517,5
S09528,4
S09110,3
S09105,2
S09107,3
S09106,3
S09218,1
S09626,4
S09505,5
S09101,3
S09111,4
S09302,3
S09762,5
S09204,5
S08901,5
S07819,5
S08853,4
S08855,5
S08900,5
S08905,4
S08910,4
S07805,4
S08538,4
S07704,4
S08903,4
S07601,4
S07412,5
S07426,4
S07703,4
S07801,4
S07806,3
S07900,3
S07901,4
S08521,4
S08533,4
S08919,4
S08534,4
S07708,4
S07800,4
S08908,4
S08537,4
S08526,3
S08850,3
S08525,4
S08519,3
S07821,4
S08528,4
S08530,4
S07712,3
S08852,3
S08520,4
S07413,4
S07707,3
S08524,4
S07411,4
S07421,4
S07802,3
S07414,3
S07817,4
S07808,3
S07904,4
S07700,4
S08536,4
S07600,4
S08906,4
S07804,3
S07810,2
S07811,3
S08532,4
S08811,4
S07714,4
S07424,4
S07813,4
S07903,4
S08518,4
S07815,4
S07416,4
S08904,4
S07706,3
S07710,4
S07017,4
S07018,4
S08810,4
S07420,4
S08856,4
S07422,4
S07902,4
S07824,3
S08523,4
S07822,4
S07807,3
S08539,3
S08522,3
S08535,4
S07423,4
S07418,4
S07705,4
S07814,4
S07820,5
S12889,3
S12867,4
S12872,4
S12812,5
S12899,5
S12970,5
S12814,5
S12954,3
S12876,4
S12896,4
S12950,3
S12971,5
S12875,5
S12806,5
S12885,3
S12883,4
S12897,5
S12857,3
S12891,2
S12890,4
S12851,4
S12815,5
S12859,3
S12973,5
S12850,5
S12852,3
S12855,3
S12878,3
S12860,3
S12881,4
S12869,3
S12888,3
S12953,5
S12816,4
S12952,3
S12887,3
S12802,4
S12873,3
S12882,5
S12856,5
S12865,5
S12803,5
S12805,5
S12853,5
S12874,4
S12956,3
S12804,5
S12807,3
S12813,5
S12817,5
S12854,4
S12861,5
S12862,3
S12864,5
S12866,4
S12879,3
S12886,3
S12895,4
S12901,5
S12818,5
S12880,4
S02313,5
S02044,5
S02038,5
S02026,5
S02011,5
S02114,5
S02216,5
S05386,5
S11119,1
S02673,4
S12143,5
S02595,5
S11121,5
S11004,5
S01139,5
S01135,5
S01136,5
S01137,5
S01138,5
S09839,5
S09835,4
S09836,4
S08680,4
S08654,3
S09199,5
S00060,5
S12023,5
S12819,3
S05081,5
S01853,5
S12333,4
S12334,5
S12335,5
S12066,5
S12069,5
S12144,5
S02001,5
S02218,5
S02059,5
S08514,3
S08513,5
S08509,3
S06001,3
S08812,4
S08817,4
S08819,4
S08820,4
S02517,3
S03311,5
S08324,3
S08327,3
S05268,5
S09771,4
S09819,3
S05152,5
S05010,5
S08653,3
S01530,5
S07019,4
S01624,4
S01648,3
S01069,5
S01070,5
S01071,5
S01072,5
S01073,5
S01074,5
S01075,5
S01076,5
S01077,5
S01639,3
S01492,5
S01039,5
S07025,5
S08241,5
S19919,5
S01206,5
S01301,5
S12054,4
S12336,5
S12001,5
S12060,5
S12059,5
S04524,3
S04525,3
S03213,5
S11516,5
S11003,5
S11507,4
S07514,3
S07515,5
S02019,4
S02021,5
S05183,5
S05189,5
S05188,5
S05187,5
S05186,5
S05185,5
S05184,5
S07021,5
S02013,5
S02301,5
S05978,5
S05967,5
S05968,5
S05969,5
S05970,5
S05971,5
S05918,5
S05919,5
S05972,5
S05973,5
S05974,5
S05975,5
S05976,5
S05977,5
S11120,4
S06607,4
S06618,5
S12070,5
S12035,4
S12032,5
S11215,4
S01059,5
S00202,3
S00059,3
S05057,5
S03023,5
S11970,4
S01112,3
S01022,5
S01929,5
S01086,5
S01934,5
S07410,4
S07431,5
S11973,4
S11974,5
S11975,4
S08737,4
S00252,3
N00201,2
N00209,5
N00208,5
N00206,5
N00205,5
N00204,5
N00202,5
S11001,5
S07013,4
S07026,5
N00085,5
N00003,5
N00065,5
S02018,5
S02060,5
S02016,5
S09988,1
S11123,5
S11139,5
S05953,5
S07023,5
S07024,5
S09798,4
S09799,3
S08816,4
S08815,4
S08814,4
S08813,4
S08699,4
N00005,5
N00001,5
N00068,5
N00044,5
N00024,5
N00043,5
N00100,5
N00013,5
N00034,5
N00035,5
N00036,5
N00037,5
N00038,5
N00039,5
N00040,5
N00041,5
N00042,5
N00067,5
N00066,5
N00064,5
N00063,5
N00062,5
N00061,5
N00060,5
N00263,5
N00057,5
N00056,5
N00004,5
N00006,5
N00007,5
N00008,5
N00009,5
N00010,5
N00011,5
N00012,5
N00023,5
N00022,5
N00021,5
N00020,5
N00019,5
N00018,5
N00017,5
N00016,5
N00015,5
N00014,5
S00884,5
S09842,4
S01417,4
S12902,5
N00096,3
N00086,5
N00087,5
S13104,5
N00079,5
N00078,5
N00077,5
N00076,5
N00074,5
N00073,4
N00072,5
N00071,5
N00070,5
N00069,5
S05151,4
S07415,5
N00217,5
N00226,5
N00212,5
N00213,5
N00214,5
N00218,5
N00220,5
N00221,5
N00223,5
N00224,5
N00225,5
S05921,5
S05936,5
S05935,5
S05934,5
S05932,5
S05931,5
S05930,5
S05929,5
S05928,5
S05927,5
S05925,5
S05924,5
S05923,5
S05922,5
S05960,5
S05949,5
S05191,5
S05195,5
S05947,5
S05946,5
S05945,5
S05944,5
S05943,5
S05942,5
S05941,5
S05940,5
S05939,5
S05938,5
S09053,3
S05019,5
S05999,5
S05018,5
S05998,5
S05997,5
S05996,5
S05017,5
S05995,5
S05994,5
S05993,5
S05957,5
S05958,5
S05959,5
S05961,5
S05962,5
S05963,5
S05964,5
N00211,5
N00215,5
N00216,5
S11969,4
S07006,4
S07020,5
N00033,5
N00032,5
N00031,5
N00030,5
N00028,5
N00027,5
N00026,5
N00025,5
S08302,4
S06806,4
S06003,4
S12810,5
S12809,4
S12808,4
S08550,4
S08548,4
S05011,5
S00618,5
S00619,5
S00634,5
S00620,5
S00621,5
S01078,5
S01079,5
S01082,5
S01083,5
S01084,5
S01085,5
S07314,5
S05799,5
S05196,5
S05193,5
S05169,5
S05170,5
S05171,5
S05172,5
S05173,5
S05174,5
S05175,5
S05176,5
S05177,5
S05178,5
S05179,5
S05166,5
S05165,5
S05164,5
S05162,5
S05161,5
S05159,5
S05158,5
S05156,5
S05155,5
S05154,5
S05719,5
N00055,5
S01088,5
S01087,5
N00029,5
N00045,5
N00046,5
N00047,3
N00049,5
N00050,5
N00051,5
N00054,5
S00201,5
N00107,5
N00081,5
S05194,5
S05985,5
S05984,5
S05983,5
S05982,5
S05981,5
S05980,5
S05979,5
S05986,5
S09122,5
S05190,5
S05926,5
S05192,5
S06071,5
S07022,5
S07417,5
S07436,5
S02598,5
S11756,5
S01109,5
S01066,5
S01067,5
S01724,5
S01725,5
S01726,5
S01727,5
S01728,5
S01729,5
S01734,5
S01735,5
S01736,5
S01737,5
S01738,5
S01739,5
S01740,5
S01741,5
S01742,5
S01743,5
S01744,5
S01745,5
S01746,5
S01747,5
S01755,5
S01756,5
S01757,5
S01758,5
S01759,5
S01760,5
S01761,5
S01762,5
S09998,5
S01764,5
S01765,5
S09999,2
S01797,5
S01795,5
S01794,5
S01793,5
S01789,5
S01788,5
S01787,5
S01021,5
S01786,5
S01785,5
S01784,5
S01783,5
S01091,5
S01092,5
S01093,5
S01094,5
S01096,5
S01097,5
S01098,5
S01099,5
S01753,5
S01752,5
S01751,5
S01748,5
S00023,5
S01906,5
S13143,5
S01005,5
S01774,5
S01775,5
S01776,5
S01778,5
S01006,5
S01780,5
S01014,5
S01781,5
S01782,5
S05209,5
S05212,5
S05213,5
S05214,5
S05219,5
S05300,5
Z05304,5
S19901,5
S05218,5
S05217,5
S05216,5
S05400,5
S05401,5
S05402,5
S05412,5
S05404,5
S05415,5
N00053,5
S01749,5
N00091,5
S01927,5
S01146,5
